city_id,city_name,city_population,capital,fact_id
1,Oranjestad,37000,1,216
2,Saint John'S,27000,1,6
3,Abu Dhabi,942000,1,184
4,Dubai,1978000,0,184
5,Sharjah,983000,0,184
6,Kabul,3097000,1,1
7,Algiers,2916000,1,3
8,Oran,783000,0,3
9,Baku,2123000,1,11
10,Tirana,419000,1,2
11,Yerevan,1116000,1,8
12,Andorra La Vella,23000,1,4
13,Luanda,5068000,1,5
14,Huambo,1098000,0,5
15,Pago Pago,64000,1,242
16,Buenos Aires,13528000,1,7
17,Cordoba,1556000,0,7
18,Rosario,1283000,0,7
19,Mendoza,957000,0,7
20,San Miguel de Tucuman,868000,0,7
21,La Plata,759000,0,7
22,Sydney,4543000,0,9
23,Melbourne,3961000,0,9
24,Brisbane,2039000,0,9
25,Perth,1649000,0,9
26,Adelaide,1198000,0,9
27,Canberra,399000,1,9
28,Vienna,172000,1,10
29,The Valley,2000,1,226
30,Manama,262000,1,13
31,Bridgetown,122000,1,15
32,Gaborone,202000,1,23
33,Hamilton,11000,1,227
34,Brussels,1949000,1,17
35,Antwerp,959000,0,17
36,Nassau,254000,1,12
37,Dhaka,15391000,1,14
38,Chittagong,5239000,0,14
39,Khulna,1781000,0,14
40,Rajshahi,932000,0,14
41,Belmopan,14000,1,18
42,Sarajevo,389000,1,22
43,Santa Cruz,1719000,0,21
44,La Paz,1715000,1,21
45,Sucre (constitutional capital),307000,0,21
46,Rangoon,4457000,1,28
47,Mandalay,1063000,0,28
48,Nay Pyi Taw,106000,0,28
49,COTONOU (seat of government),924000,0,19
50,Porto-Novo,314000,1,19
51,Minsk,1861000,1,16
52,Honiara,68000,1,159
53,Sao Paulo,19924000,0,24
54,Rio de Janeiro,1196000,0,24
55,Belo Horizonte,5487000,0,24
56,Porto Alegre,3933000,0,24
57,Recife,3733000,0,24
58,Brasilia,3813000,1,24
59,Thimphu,99000,1,20
60,Sofia,1174000,1,26
61,Bandar Seri Begawan,241000,1,25
62,Bujumbura,605000,1,29
63,Toronto,5573000,0,32
64,Montreal,3856000,0,32
65,Vancouver,2267000,0,32
66,Calgary,1216000,0,32
67,Ottawa,1208000,1,32
68,Edmonton,1142000,0,32
69,Phnom Penh,155000,1,30
70,N'Djamena,1079000,1,35
71,Colombo,693000,1,164
72,Sri Jayewardenepura Kotte (legislative capital),126000,0,164
73,Brazzaville,1611000,1,41
74,Pointe-Noire,834000,0,41
75,Kinshasa,8798000,1,40
76,Lubumbashi,1556000,0,40
77,Mbuji-Mayi,1504000,0,40
78,Kananga,888000,0,40
79,Kisangani,820000,0,40
80,Shanghai,20208000,0,37
81,Beijing,15594000,1,37
82,Guangzhou,10849000,0,37
83,Shenzhen,1063000,0,37
84,Chongqing,9977000,0,37
85,Wuhan,9158000,0,37
86,Santiago,6034000,1,36
87,Valparaiso,883000,0,36
88,Concepcion,770000,0,36
89,George Town,28000,1,230
90,Douala,2449000,0,31
91,Yaounde,2432000,1,31
92,Moroni,54000,1,39
93,Bogota,8743000,1,38
94,Medellin,3694000,0,38
95,Cali,2453000,0,38
96,Barranquilla,19000,0,38
97,Bucaramanga,112000,0,38
98,Cartagena,988000,0,38
99,Saipan,56000,1,245
100,San Jose,1515000,1,42
101,Bangui,740000,1,34
102,Havana,2116000,1,45
103,Praia,132000,1,33
104,Nicosia,253000,1,46
105,Copenhagen,1206000,1,48
106,Djibouti,496000,1,49
107,Roseau,14000,1,50
108,Santo Domingo,2191000,1,51
109,Guayaquil,2287000,0,52
110,Quito,1622000,1,52
111,Cairo,11169000,1,53
112,Alexandria,4494000,0,53
113,Dublin,1121000,1,81
114,Malabo,137000,1,55
115,Tallinn,400000,1,57
116,Asmara,712000,1,56
117,San Salvador,1605000,1,54
118,Addis Ababa,2979000,1,58
119,Prague,1276000,1,47
120,Helsinki,1134000,1,60
121,Suva,177000,1,59
122,Stanley,2000,1,232
123,Palikir,7000,1,115
124,Torshavn,20000,1,206
125,Papeete,137000,1,209
126,Paris,1062000,1,61
127,Marseille-Aix-en-Provence,14890100,0,61
128,Lyon,1488000,0,61
129,Lille,1042000,0,61
130,Nice-Cannes,991000,0,61
131,Toulouse,933000,0,61
132,Banjul,506000,1,63
133,Libreville,686000,1,62
134,Tbilisi,1121000,1,64
135,Accra,2573000,1,66
136,Kumasi,2019000,0,66
137,Saint George'S,41000,1,68
138,Nuuk,16000,1,207
139,Berlin,3462000,1,65
140,Hamburg,1796000,0,65
141,Munich,1364000,0,65
142,Cologne,1006000,0,65
143,Hagatna,169000,1,243
144,Athens,3414000,1,67
145,Thessaloniki,883000,0,67
146,Guatemala City,1168000,1,69
147,Conakry,1786000,1,70
148,Georgetown,127000,1,72
149,Port-Au-Prince,2207000,1,73
150,Tegucigalpa,1088000,1,74
151,Zagreb,686000,1,44
152,Budapest,1737000,1,75
153,Reykjavik,206000,1,76
154,Jakarta,9769000,1,78
155,Surabaya,2787000,0,78
156,Bandung,2429000,0,78
157,Medan,2118000,0,78
158,Semarang,1573000,0,78
159,Palembang,1455000,0,78
160,Douglas,27000,1,236
161,New Delhi,22654000,1,77
162,Mumbai,19744000,0,77
163,Kolkata,14402000,0,77
164,Chennai,8784000,0,77
165,Bangalore,8614000,0,77
166,Hyderabad,7837000,0,77
167,Tehran,7304000,1,79
168,Mashhad,2713000,0,79
169,Esfahan,1781000,0,79
170,Karaj,1635000,0,79
171,Tabriz,1509000,0,79
172,Shiraz,1321000,0,79
173,Tel Aviv-Yafo,3381000,0,82
174,Haifa,1054000,0,82
175,Jerusalem,791000,1,82
176,Rome,3298000,1,83
177,Milan,2909000,0,83
178,Naples,2373000,0,83
179,Turin,1613000,0,83
180,Palermo,915000,0,83
181,Bergamo,784000,0,83
182,ABIDJAN (seat of government),4288000,0,43
183,Yamoussoukro,966000,1,43
184,Baghdad,6036000,1,80
185,Mosul,1494000,0,80
186,Erbil,1039000,0,80
187,Basra,942000,0,80
188,As Sulaymaniyah,867000,0,80
189,Najaf,779000,0,80
190,Tokyo,37217000,1,85
191,Osaka-Kobe,11494000,0,85
192,Nagoya,3328000,0,85
193,Fukuoka-Kitakyushu,2868000,0,85
194,Sapporo,2742000,0,85
195,Sendai,2428000,0,85
196,Kingston,571000,1,84
197,Amman,1179000,1,86
198,Nairobi,3363000,1,88
199,Mombassa,972000,0,88
200,Bishkek,839000,1,94
201,Pyongyang,2843000,1,90
202,Tarawa,44000,1,89
203,Seoul,9736000,1,91
204,Busan (Pusan),3372000,0,91
205,Incheon (Inch'on),2622000,0,91
206,Daegu (Taegu),2447000,0,91
207,Daejon (Taejon),1538000,0,91
208,Gwangju (Kwangju),1503000,0,91
209,Kuwait,2406000,1,93
210,Almaty,1426000,0,87
211,Astana,664000,1,87
212,Vientiane,810000,1,95
213,Beirut,2022000,1,97
214,Riga,701000,1,96
215,Vilnius,546000,1,102
216,Monrovia,750000,1,99
217,Bratislava,434000,1,157
218,Vaduz,5000,1,101
219,Maseru,239000,1,98
220,Luxembourg,94000,1,103
221,Tripoli,1127000,1,100
222,Antananarivo,1987000,1,105
223,Chisinau,677000,1,116
224,Ulaanbaatar,1184000,1,118
225,Lilongwe,772000,1,106
226,Podgorica,156000,1,119
227,Skopje,499000,1,104
228,Bamako,2037000,1,109
229,Casablanca,3046000,0,120
230,Rabat,1843000,1,120
231,Fes,1088000,0,120
232,Marrakech,939000,0,120
233,Tangier,810000,0,120
234,Agadir,805000,0,120
235,Port Louis,151000,1,113
236,Nouakchott,786000,1,112
237,Valletta,198000,1,110
238,Muscat,743000,1,131
239,Male,132000,1,108
240,Mexico City,20446000,1,114
241,Guadalajara,4525000,0,114
242,Monterrey,4213000,0,114
243,Puebla,2335000,0,114
244,Tijuana,182000,0,114
245,Toluca de Lerdo,1748000,0,114
246,Kuala Lumpur,1556000,1,107
247,Klang,119000,0,107
248,Johor Bahru,1045000,0,107
249,Maputo,115000,1,121
250,Matola,790000,0,121
251,Noumea,157000,1,211
252,Niamey,1297000,1,128
253,Port-Vila,47000,1,189
254,Lagos,11223000,0,129
255,Kano,3375000,0,129
256,Ibadan,2949000,0,129
257,Abuja,2153000,1,129
258,Port Harcourt,1894000,0,129
259,Kaduna,1524000,0,129
260,Amsterdam,1056000,1,125
261,Rotterdam,1014000,0,125
262,The Hague (seat of government),635000,0,125
263,Oslo,915000,1,130
264,Kathmandu,1015000,1,124
265,Paramaribo,278000,1,166
266,Managua,970000,1,127
267,Auckland,1452000,0,126
268,Wellington,410000,1,126
269,Juba,269000,1,162
270,Asuncion,2139000,1,136
271,Lima,913000,1,137
272,Arequipa,804000,0,137
273,Karachi,13876000,0,132
274,Lahore,7566000,0,132
275,Faisalabad,3038000,0,132
276,Rawalpindi,2164000,0,132
277,Multan,1775000,0,132
278,Islamabad,919000,1,132
279,Warsaw,1723000,1,139
280,Krakow,756000,0,139
281,Panama City,1426000,1,134
282,Lisbon,2843000,1,140
283,Porto,1367000,0,140
284,Port Moresby,343000,1,135
285,Melekeok,1000,1,133
286,Bissau,423000,1,71
287,Doha,567000,1,141
288,Belgrade,1135000,1,153
289,Majuro,31000,1,111
290,Bucharest,1937000,1,142
291,Manila,11862000,1,138
292,Davao,1565000,0,138
293,Cebu City,855000,0,138
294,Zamboanga,884000,0,138
295,San Juan,2475000,1,246
296,Moscow,11621000,1,143
297,Saint Petersburg,4866000,0,143
298,Novosibirsk,1478000,0,143
299,Yekaterinburg,1355000,0,143
300,Nizhniy Novgorod,1245000,0,143
301,Samara,1166000,0,143
302,Kigali,1004000,1,144
303,Riyadh,5451000,1,151
304,Jeddah,3578000,0,151
305,Mecca,1591000,0,151
306,Medina,1142000,0,151
307,Ad Dammam,941000,0,151
308,Saint-Pierre,5000,1,214
309,Basseterre,12000,1,145
310,Victoria,27000,1,154
311,Johannesburg,3844000,0,161
312,Cape Town (legislative capital),3562000,0,161
313,Ekurhuleni (East Rand),3357000,0,161
314,Durban,3012000,0,161
315,Pretoria,1501000,1,161
316,Vereeniging,12000,0,161
317,Bloemfontein (judicial capital),468000,0,161
318,Dakar,3035000,1,152
319,Jamestown,1000,1,239
320,Ljubljana,273000,1,158
321,Freetown,941000,1,155
322,Mogadishu,1554000,1,160
323,Madrid,6574000,1,163
324,Barcelona,557000,0,163
325,Valencia,797000,0,163
326,Castries,21000,1,146
327,Khartoum,4632000,1,165
328,Stockholm,1385000,1,168
329,Aleppo,3164000,0,170
330,Damascus,265000,1,170
331,Hims,1369000,0,170
332,Hamah,933000,0,170
333,Zurich,1194000,0,169
334,Bern,353000,1,169
335,Port-Of-Spain,66000,1,177
336,Bangkok,8426000,1,173
337,Samut Prakan,1212000,0,173
338,Dushanbe,739000,1,171
339,Grand Turk,7000,1,241
340,Nuku'Alofa,25000,0,176
341,Lome,1524000,1,175
342,Sao Tome,64000,1,150
343,Tunis,790000,1,178
344,Dili,180000,1,174
345,Istanbul,11253000,0,179
346,Ankara,4194000,1,179
347,Izmir,2927000,0,179
348,Bursa,1713000,0,179
349,Adana,1468000,0,179
350,Gaziantep,1198000,0,179
351,Funafuti,5000,1,181
352,Ashgabat,683000,1,180
353,Dar Es Salaam,3588000,1,172
354,Kampala,1659000,1,182
355,London,9005000,1,185
356,Birmingham,2272000,0,185
357,Manchester,2213000,0,185
358,West Yorkshire,1625000,0,185
359,Glasgow,1137000,0,185
360,Newcastle upon Tyne,874000,0,185
361,Kyiv,2829000,1,183
362,Kharkiv,1451000,0,183
363,Dnipropetrovsk,994000,0,183
364,Odesa,101000,0,183
365,Donetsk,959000,0,183
366,Zaporizhzhya,771000,0,183
367,New York-Newark,20352000,0,186
368,Los Angeles-Long Beach-Santa Ana,13395000,0,186
369,Chicago,9676000,0,186
370,Miami,6061000,0,186
371,Philadelphia,5927000,0,186
372,"Washington, D.C.",4705000,1,186
373,Ouagadougou,2053000,1,27
374,Montevideo,1672000,1,187
375,Tashkent,2227000,1,188
376,Kingstown,31000,1,147
377,Caracas,3242000,1,191
378,Maracaibo,231000,0,191
379,Valencia,1866000,0,191
380,Barquisimeto,1245000,0,191
381,Maracay,1115000,0,191
382,Ciudad Guayana,799000,0,191
383,Road Town,10000,1,229
384,Ho Chi Minh City,6405000,0,192
385,Hanoi,2955000,1,192
386,Haiphong,925000,0,192
387,Da Nang,834000,0,192
388,Charlotte Amalie,60000,1,247
389,Windhoek,380000,1,122
390,Mata-Utu,1000,1,215
391,Laayoune,237000,0,255
392,Apia,37000,1,148
393,Mbabane,66000,1,167
394,Sanaa,2419000,1,193
395,Aden,784000,0,193
396,Lusaka,1802000,1,194
397,Harare,1542000,1,195
